StartDate,EndDate,Status,Progress,Duration (in seconds),Finished,RecordedDate,ResponseId,DistributionChannel,UserLanguage,Q_RecaptchaScore,Familiarity_1,Openness_1,Comfort_1,Study method_1,Study method_2,Study method_3,Study method_4,Study method_5,Study method_6,Study method_7,Study method_7_TEXT,Preference_1,Human vs AI_1,Criteria Professors_1,Criteria Professors_2,Criteria Professors_3,Criteria Professors_4,Criteria Professors_5,Criteria Professors_6,Criteria Professors_7,Criteria Professors_8,Criteria Professors_9,Criteria Professors_10,Criteria Professors_10_TEXT,Frequency_1,Frequency_2,Frequency_3,Frequency_4,Frequency_5,Frequency_6,Frequency_7,Frequency_7_TEXT,Likelihood_1,Likelihood_2,Likelihood_3,Likelihood_4,Likelihood_5,Concern_1,Inputs,Agreement options_1,Agreement options_2,Agreement options_3,Agreement options_4,Agreement options_5,Agreement options_6,Agreement options_7,Impact_1,Performance_1,Grade,Satisfaction_1,Comparison_1,Comparison_2,Comparison_3,Comparison_4,Comparison_5,Comparison_6,Comparison_7,Benefits_1,Benefits_2,Benefits_3,Benefits_4,Benefits_5,Benefits_6,Benefits_7,Benefits_8,Benefits_9,Benefits_10,Benefits_11,Benefits_11_TEXT,Concerns_1,Concerns_2,Concerns_3,Concerns_4,Concerns_5,Concerns_6,Concerns_7,Concerns_8,Concerns_9,Concerns_10,Concerns_11,Concerns_12,Concerns_12_TEXT,Age,Gender,Home country,Level of education,University,Academic field,Thoughts,Q_AmbiguousTextPresent,Q_AmbiguousTextQuestions,Q_StraightliningCount,Q_StraightliningPercentage,Q_StraightliningQuestions,Q_UnansweredPercentage,Q_UnansweredQuestions
Start Date,End Date,Response Type,Progress,Duration (in seconds),Finished,Recorded Date,Response ID,Distribution Channel,User Language,Q_RecaptchaScore,How familiar are you with Generative Artificial Intelligence (GenAI) technologies like ChatGPT?,What is your overall attitude towards using technology in education?,How comfortable do you feel using digital tools for academic purposes?,"What is your study method?
Please, drag and drop the options to rank them according to your preference. - Highlighting","What is your study method?
Please, drag and drop the options to rank them according to your preference. - Summarizing","What is your study method?
Please, drag and drop the options to rank them according to your preference. - Mind mapping","What is your study method?
Please, drag and drop the options to rank them according to your preference. - Reading","What is your study method?
Please, drag and drop the options to rank them according to your preference. - Repeating","What is your study method?
Please, drag and drop the options to rank them according to your preference. - Group study","What is your study method?
Please, drag and drop the options to rank them according to your preference. - Other","What is your study method?
Please, drag and drop the options to rank them according to your preference. - Other - Text",Do you prefer learning in person or online?,What is your overall attitude towards human teachers compared to AI?,"What aspects do you consider important in a professor?
Please, drag and drop the options to rank them according to your preference. - Expertise and knowledge","What aspects do you consider important in a professor?
Please, drag and drop the options to rank them according to your preference. - Effective communication skills","What aspects do you consider important in a professor?
Please, drag and drop the options to rank them according to your preference. - Passion","What aspects do you consider important in a professor?
Please, drag and drop the options to rank them according to your preference. - Ethical conduct (integrity, honesty, respect)","What aspects do you consider important in a professor?
Please, drag and drop the options to rank them according to your preference. - Motivation","What aspects do you consider important in a professor?
Please, drag and drop the options to rank them according to your preference. - Precision","What aspects do you consider important in a professor?
Please, drag and drop the options to rank them according to your preference. - Charisma","What aspects do you consider important in a professor?
Please, drag and drop the options to rank them according to your preference. - Approachability and availability","What aspects do you consider important in a professor?
Please, drag and drop the options to rank them according to your preference. - Fairness","What aspects do you consider important in a professor?
Please, drag and drop the options to rank them according to your preference. - Other","What aspects do you consider important in a professor?
Please, drag and drop the options to rank them according to your preference. - Other - Text",How frequently do you use GenAI technologies like ChatGPT in your academic work for each of the following purposes? - Generating ideas,How frequently do you use GenAI technologies like ChatGPT in your academic work for each of the following purposes? - Clarifying concepts,How frequently do you use GenAI technologies like ChatGPT in your academic work for each of the following purposes? - Correcting minor details,How frequently do you use GenAI technologies like ChatGPT in your academic work for each of the following purposes? - Receiving feedbacks,How frequently do you use GenAI technologies like ChatGPT in your academic work for each of the following purposes? - Summarizing texts,How frequently do you use GenAI technologies like ChatGPT in your academic work for each of the following purposes? - Completing tasks entirely,How frequently do you use GenAI technologies like ChatGPT in your academic work for each of the following purposes? - Other,How frequently do you use GenAI technologies like ChatGPT in your academic work for each of the following purposes? - Other - Text,How likely are you to use the outputs provided by GenAI technologies like ChatGPT for academic purposes in the following ways? - I use outputs merely as inputs and then elaborate everything myself,How likely are you to use the outputs provided by GenAI technologies like ChatGPT for academic purposes in the following ways? - I carefully read the outputs and use only relevant information by rephrasing it,How likely are you to use the outputs provided by GenAI technologies like ChatGPT for academic purposes in the following ways? - I carefully read the outputs and use only relevant information WITHOUT rephrasing it,How likely are you to use the outputs provided by GenAI technologies like ChatGPT for academic purposes in the following ways? - I skim through the outputs and use everything if relevant,How likely are you to use the outputs provided by GenAI technologies like ChatGPT for academic purposes in the following ways? - I use the outputs without reading it,To what extent are you concerned about the privacy of your data while using GenAI technologies like ChatGPT?,"Please, think about your interactions with ChatGPT.
While using ChatGPT to complete a task, users can provide their input at the beginning, or write additional inputs based on the responses ChatGPT provides. On average, how many additional inputs do you provide, if any?",When I use ChatGPT... - I get more curios about the topics that I need to study,When I use ChatGPT... - I become more motivated to learn,When I use ChatGPT... - I feel more confident regarding the topics of study,When I use ChatGPT... - I feel more prepared for class,When I use ChatGPT... - I am more likely to explore additional resources and materials,When I use ChatGPT... - I find studying more enjoyable,When I use ChatGPT... - I am better able to retain information,How do you perceive the impact of GenAI technologies like ChatGPT on your academic experience?,Think about the grades received in your last academic year. How has GenAI technologies like ChatGPT impacted your academic performance in terms of grade?,"What is your average grade? (i.e., 27/30 or 3.8/4)",How satisfied would you be with lessons conducted solely by AI?,"Please, compare the performance of human professors and AI on the following items. - Quality of education","Please, compare the performance of human professors and AI on the following items. - Fairness in grading","Please, compare the performance of human professors and AI on the following items. - Accuracy in responding questions","Please, compare the performance of human professors and AI on the following items. - Enjoyment of the lecture","Please, compare the performance of human professors and AI on the following items. - Inspiration for the course topic","Please, compare the performance of human professors and AI on the following items. - Availability for consultation","Please, compare the performance of human professors and AI on the following items. - Usefulness of feedbacks","What potential benefits do you see in using ChatGPT for academic purposes? Please, select all that apply. - Selected Choice - Personalizing learning experience","What potential benefits do you see in using ChatGPT for academic purposes? Please, select all that apply. - Selected Choice - Accessing resources anytime, anywhere","What potential benefits do you see in using ChatGPT for academic purposes? Please, select all that apply. - Selected Choice - Managing time better","What potential benefits do you see in using ChatGPT for academic purposes? Please, select all that apply. - Selected Choice - Saving time","What potential benefits do you see in using ChatGPT for academic purposes? Please, select all that apply. - Selected Choice - Maintaining anonymity","What potential benefits do you see in using ChatGPT for academic purposes? Please, select all that apply. - Selected Choice - Receiving instant feedback","What potential benefits do you see in using ChatGPT for academic purposes? Please, select all that apply. - Selected Choice - Enhancing understanding","What potential benefits do you see in using ChatGPT for academic purposes? Please, select all that apply. - Selected Choice - Assisting with research","What potential benefits do you see in using ChatGPT for academic purposes? Please, select all that apply. - Selected Choice - Improving digital skills","What potential benefits do you see in using ChatGPT for academic purposes? Please, select all that apply. - Selected Choice - Saving money","What potential benefits do you see in using ChatGPT for academic purposes? Please, select all that apply. - Selected Choice - Other","What potential benefits do you see in using ChatGPT for academic purposes? Please, select all that apply. - Other - Text","What potential concerns do you have about using ChatGPT for academic purposes? Please, select all that apply. - Selected Choice - Accuracy and reliability","What potential concerns do you have about using ChatGPT for academic purposes? Please, select all that apply. - Selected Choice - Bias, unfairness, and insensitivity","What potential concerns do you have about using ChatGPT for academic purposes? Please, select all that apply. - Selected Choice - Limited contextual understanding","What potential concerns do you have about using ChatGPT for academic purposes? Please, select all that apply. - Selected Choice - Privacy and data security","What potential concerns do you have about using ChatGPT for academic purposes? Please, select all that apply. - Selected Choice - Ethical considerations (transparency, accountability, misuse)","What potential concerns do you have about using ChatGPT for academic purposes? Please, select all that apply. - Selected Choice - Lack of human interaction and socialization","What potential concerns do you have about using ChatGPT for academic purposes? Please, select all that apply. - Selected Choice - Lack of motivation","What potential concerns do you have about using ChatGPT for academic purposes? Please, select all that apply. - Selected Choice - Reduction of university education value","What potential concerns do you have about using ChatGPT for academic purposes? Please, select all that apply. - Selected Choice - Risk of inadequate or incomplete learning outcomes","What potential concerns do you have about using ChatGPT for academic purposes? Please, select all that apply. - Selected Choice - Over-reliance on technology","What potential concerns do you have about using ChatGPT for academic purposes? Please, select all that apply. - Selected Choice - Technical issues","What potential concerns do you have about using ChatGPT for academic purposes? Please, select all that apply. - Selected Choice - Other","What potential concerns do you have about using ChatGPT for academic purposes? Please, select all that apply. - Other - Text",How old are you?,How would you identify yourself?,"Where are you from? Please, specify your home country.",What level of education are you currently pursuing?,Where are you studying?,What is your academic field?,What are your thoughts on the future of education with the integration of Generative AI technologies?,Q_AmbiguousTextPresent,Q_AmbiguousTextQuestions,Q_StraightliningCount,Q_StraightliningPercentage,Q_StraightliningQuestions,Q_UnansweredPercentage,Q_UnansweredQuestions
"{""ImportId"":""startDate"",""timeZone"":""Europe/Berlin""}","{""ImportId"":""endDate"",""timeZone"":""Europe/Berlin""}","{""ImportId"":""status""}","{""ImportId"":""progress""}","{""ImportId"":""duration""}","{""ImportId"":""finished""}","{""ImportId"":""recordedDate"",""timeZone"":""Europe/Berlin""}","{""ImportId"":""_recordId""}","{""ImportId"":""distributionChannel""}","{""ImportId"":""userLanguage""}","{""ImportId"":""Q_RecaptchaScore""}","{""ImportId"":""QID4_1""}","{""ImportId"":""QID9_1""}","{""ImportId"":""QID10_1""}","{""ImportId"":""QID11_1""}","{""ImportId"":""QID11_2""}","{""ImportId"":""QID11_3""}","{""ImportId"":""QID11_4""}","{""ImportId"":""QID11_5""}","{""ImportId"":""QID11_6""}","{""ImportId"":""QID11_7""}","{""ImportId"":""QID11_7_TEXT""}","{""ImportId"":""QID12_1""}","{""ImportId"":""QID13_1""}","{""ImportId"":""QID14_1""}","{""ImportId"":""QID14_2""}","{""ImportId"":""QID14_3""}","{""ImportId"":""QID14_4""}","{""ImportId"":""QID14_5""}","{""ImportId"":""QID14_6""}","{""ImportId"":""QID14_7""}","{""ImportId"":""QID14_8""}","{""ImportId"":""QID14_9""}","{""ImportId"":""QID14_10""}","{""ImportId"":""QID14_10_TEXT""}","{""ImportId"":""QID15_1""}","{""ImportId"":""QID15_2""}","{""ImportId"":""QID15_3""}","{""ImportId"":""QID15_4""}","{""ImportId"":""QID15_5""}","{""ImportId"":""QID15_6""}","{""ImportId"":""QID15_7""}","{""ImportId"":""QID15_7_TEXT""}","{""ImportId"":""QID16_1""}","{""ImportId"":""QID16_2""}","{""ImportId"":""QID16_3""}","{""ImportId"":""QID16_4""}","{""ImportId"":""QID16_5""}","{""ImportId"":""QID17_1""}","{""ImportId"":""QID18""}","{""ImportId"":""QID19_1""}","{""ImportId"":""QID19_2""}","{""ImportId"":""QID19_3""}","{""ImportId"":""QID19_4""}","{""ImportId"":""QID19_5""}","{""ImportId"":""QID19_6""}","{""ImportId"":""QID19_7""}","{""ImportId"":""QID20_1""}","{""ImportId"":""QID21_1""}","{""ImportId"":""QID23_TEXT""}","{""ImportId"":""QID22_1""}","{""ImportId"":""QID24_1""}","{""ImportId"":""QID24_2""}","{""ImportId"":""QID24_3""}","{""ImportId"":""QID24_4""}","{""ImportId"":""QID24_5""}","{""ImportId"":""QID24_6""}","{""ImportId"":""QID24_7""}","{""ImportId"":""QID25"",""choiceId"":""1""}","{""ImportId"":""QID25"",""choiceId"":""2""}","{""ImportId"":""QID25"",""choiceId"":""3""}","{""ImportId"":""QID25"",""choiceId"":""4""}","{""ImportId"":""QID25"",""choiceId"":""5""}","{""ImportId"":""QID25"",""choiceId"":""6""}","{""ImportId"":""QID25"",""choiceId"":""7""}","{""ImportId"":""QID25"",""choiceId"":""8""}","{""ImportId"":""QID25"",""choiceId"":""9""}","{""ImportId"":""QID25"",""choiceId"":""10""}","{""ImportId"":""QID25"",""choiceId"":""11""}","{""ImportId"":""QID25_11_TEXT""}","{""ImportId"":""QID26"",""choiceId"":""1""}","{""ImportId"":""QID26"",""choiceId"":""2""}","{""ImportId"":""QID26"",""choiceId"":""3""}","{""ImportId"":""QID26"",""choiceId"":""4""}","{""ImportId"":""QID26"",""choiceId"":""5""}","{""ImportId"":""QID26"",""choiceId"":""6""}","{""ImportId"":""QID26"",""choiceId"":""7""}","{""ImportId"":""QID26"",""choiceId"":""8""}","{""ImportId"":""QID26"",""choiceId"":""9""}","{""ImportId"":""QID26"",""choiceId"":""10""}","{""ImportId"":""QID26"",""choiceId"":""11""}","{""ImportId"":""QID26"",""choiceId"":""12""}","{""ImportId"":""QID26_12_TEXT""}","{""ImportId"":""QID27""}","{""ImportId"":""QID28""}","{""ImportId"":""QID29_TEXT""}","{""ImportId"":""QID32""}","{""ImportId"":""QID30""}","{""ImportId"":""QID31""}","{""ImportId"":""QID33_TEXT""}","{""ImportId"":""Q_AmbiguousTextPresent""}","{""ImportId"":""Q_AmbiguousTextQuestions""}","{""ImportId"":""Q_StraightliningCount""}","{""ImportId"":""Q_StraightliningPercentage""}","{""ImportId"":""Q_StraightliningQuestions""}","{""ImportId"":""Q_UnansweredPercentage""}","{""ImportId"":""Q_UnansweredQuestions""}"
2024-07-01 09:25:42,2024-07-01 10:14:40,IP Address,100,2937,True,2024-07-01 10:14:40,R_8TL5KyUekYXgw8A,anonymous,IT,1,50,75,75,2,3,4,1,5,6,7,,50,45,1,2,8,5,7,6,9,3,4,10,,50,50,50,25,,50,,,50,25,40,80,0,60,4,5,5,5,50,25,5,10,55,25,29,2,25,75,25,50,25,50,30,,"Accessing resources anytime, anywhere",Managing time better,Saving time,,,,Assisting with research,,,,,,,Limited contextual understanding,,,Lack of human interaction and socialization,Lack of motivation,Reduction of university education value,,Over-reliance on technology,,,,23-26,Female,Italia,Master's Degree,Other Italian university,Economic and Statistical Sciences,"Se integrata con giudizio, può diventare uno strumento utile per docenti e studenti ",0,,0,0,,0,
2024-07-01 10:09:13,2024-07-01 10:25:53,IP Address,100,1000,True,2024-07-01 10:25:54,R_8iL1LO6WligSYs2,anonymous,EN,1,85,90,90,1,4,6,3,2,5,7,,20,25,3,1,2,6,4,8,9,7,5,10,,70,60,80,80,65,75,0,,20,85,70,55,0,60,5,20,10,70,55,60,80,10,75,95,28.53/30,10,20,80,10,10,10,95,50,,"Accessing resources anytime, anywhere",Managing time better,Saving time,Maintaining anonymity,Receiving instant feedback,,Assisting with research,Improving digital skills,,,,Accuracy and reliability,"Bias, unfairness, and insensitivity",Limited contextual understanding,Privacy and data security,,Lack of human interaction and socialization,,Reduction of university education value,Risk of inadequate or incomplete learning outcomes,Over-reliance on technology,,,,23-26,Female,ITALY,Master's Degree,LUISS university,Mathematical and Computer Science," It is important to understand how to use it to prevent students from using it as a shortcut and thus ending up learning little or nothing. 
If used properly, it can truly be a powerful tool, perhaps by using it to learn basic concepts so that lectures with human professors can be used for debate and reflection, making them more engaging and useful, even from a professional perspective.",0,,0,0,,0,
2024-07-01 10:43:46,2024-07-01 10:54:59,IP Address,100,673,True,2024-07-01 10:55:00,R_8pgLr7rRK1oJDyG,anonymous,IT,1,60,100,100,2,3,6,1,4,5,7,,40,55,2,6,1,5,3,7,4,8,9,10,,67,90,70,60,90,89,48,,70,70,64,72,29,0,5,69,71,90,80,80,64,70,100,80,24,53,51,33,51,60,62,65,69,Personalizing learning experience,"Accessing resources anytime, anywhere",,Saving time,,Receiving instant feedback,,Assisting with research,,,,,,,Limited contextual understanding,Privacy and data security,"Ethical considerations (transparency, accountability, misuse)",,Lack of motivation,Reduction of university education value,Risk of inadequate or incomplete learning outcomes,,,,,23-26,Female,"Italia ",Bachelor's Degree,Other Italian university,Political and Social Sciences,"Penso che sarà uno strumento molto utilizzato, sempre di più da ogni tipo di età, e sicuramente questo non poterà a risultati concreti tra gli adolescenti ",0,,0,0,,0,
2024-07-01 10:28:20,2024-07-01 10:55:33,IP Address,100,1632,True,2024-07-01 10:55:33,R_8nTA2KfTva2Iefu,anonymous,IT,1,30,70,70,2,1,5,3,4,7,6,,20,20,1,2,3,6,5,9,8,4,7,10,,70,70,70,35,35,20,,,70,70,25,70,1,65,7,79,77,79,78,84,85,50,83,86,30,40,70,71,71,35,35,60,30,Personalizing learning experience,"Accessing resources anytime, anywhere",Managing time better,Saving time,Maintaining anonymity,Receiving instant feedback,,,,,,,Accuracy and reliability,"Bias, unfairness, and insensitivity",,Privacy and data security,,Lack of human interaction and socialization,Lack of motivation,Reduction of university education value,Risk of inadequate or incomplete learning outcomes,,,,,23-26,Male,"Italia ",Master's Degree,Other Italian university,Communication Sciences,"L’IA generativa è sicuramente uno strumento molto utile, ma sarà necessario trovare il giusto equilibrio tra l’utilizzo di tale tecnologia e i metodi di insegnamento tradizionali così da garantire il migliore processo di apprendimento agli studenti. L’eccessivo affidamento a tale tecnologia sarebbe dannoso.",0,,0,0,,0,
2024-07-01 10:45:51,2024-07-01 10:57:15,IP Address,100,683,True,2024-07-01 10:57:16,R_8fqtxIVzbYNecvG,anonymous,IT,1,100,62,76,1,3,4,5,2,6,7,,8,11,1,2,3,7,8,9,4,6,5,10,,42,100,100,100,45,25,3,,31,100,9,13,6,6,3,52,41,85,77,77,52,61,63,60,29/30,2,30,64,65,33,33,65,28,Personalizing learning experience,"Accessing resources anytime, anywhere",Managing time better,Saving time,,Receiving instant feedback,Enhancing understanding,,,,,,Accuracy and reliability,"Bias, unfairness, and insensitivity",Limited contextual understanding,,,Lack of human interaction and socialization,Lack of motivation,,Risk of inadequate or incomplete learning outcomes,,Technical issues,,,23-26,Female,Italia,Master's Degree,LUISS university,Economic and Statistical Sciences,"Se usata correttamente e strategicamente sarà un grande vantaggio, in quanto i limiti delle conoscenze saranno ridotti al minimo. Però se verrà usata in modo superficiale (ad esempio per fare tutti i compiti senza neanche ragionarci su) potrà essere un grande problema.",0,,0,0,,0,
2024-07-01 11:00:05,2024-07-01 11:06:45,IP Address,100,400,True,2024-07-01 11:06:46,R_2KvtL3Bzg24ITBF,anonymous,IT,1,61,90,80,2,3,6,1,4,5,7,,65,0,2,1,3,9,4,6,8,5,7,10,,29,87,100,62,22,0,,,24,100,62,1,0,40,4,70,61,30,30,76,85,25,79,65,28.90,19,22,21,20,20,20,74,78,,"Accessing resources anytime, anywhere",,Saving time,,Receiving instant feedback,,Assisting with research,,,,,Accuracy and reliability,,,Privacy and data security,,Lack of human interaction and socialization,,Reduction of university education value,,Over-reliance on technology,,,,23-26,Female,Italia,Master's Degree,LUISS university,Economic and Statistical Sciences,"Credo bisogna trovare il giusto equilibrio nell’utilizzo di queste tecnologie perché si rischia di sminuire l’importanza dell’istruzione ma allo stesso tempo è un ottimo aiuto nel supporto e chiarezza di alcuni concetti ",0,,0,0,,0,
2024-07-01 10:55:41,2024-07-01 11:10:58,IP Address,100,916,True,2024-07-01 11:10:58,R_21MAE9MjID2RUTa,anonymous,IT,1,80,81,75,2,3,4,1,5,6,7,,41,0,1,5,2,4,3,9,7,6,8,10,,68,80,89,50,74,30,,,64,85,16,70,4,60,3,39,43,38,39,58,63,83,94,50,29,15,35,64,63,8,17,63,69,,"Accessing resources anytime, anywhere",,,Maintaining anonymity,Receiving instant feedback,Enhancing understanding,Assisting with research,,Saving money,,,Accuracy and reliability,"Bias, unfairness, and insensitivity",,Privacy and data security,"Ethical considerations (transparency, accountability, misuse)",Lack of human interaction and socialization,Lack of motivation,Reduction of university education value,Risk of inadequate or incomplete learning outcomes,Over-reliance on technology,Technical issues,,,23-26,Female,Italia,Master's Degree,Other Italian university,Economic and Statistical Sciences,"Bisogna utilizzarla con intelligenza, non penso sia adeguato e costruttivo per le future generazioni sostituire l’insegnante umano con l’IA. Ma sono d’accordo nell’integrazione di queste tecnologie come mezzo di supporto ",0,,0,0,,0,
2024-07-01 11:10:22,2024-07-01 11:22:30,IP Address,100,728,True,2024-07-01 11:22:31,R_81gwUFkTGnJ7udE,anonymous,IT,1,80,35,65,6,1,2,3,4,7,5,,20,0,2,5,1,6,3,4,7,8,9,10,,0,,,,80,9,,,81,100,28,1,1,25,4,1,1,25,25,25,86,1,25,50,"27,6",0,1,49,1,15,1,100,59,,"Accessing resources anytime, anywhere",,Saving time,,,,Assisting with research,,,,,Accuracy and reliability,"Bias, unfairness, and insensitivity",Limited contextual understanding,,"Ethical considerations (transparency, accountability, misuse)",Lack of human interaction and socialization,Lack of motivation,Reduction of university education value,Risk of inadequate or incomplete learning outcomes,Over-reliance on technology,,,,23-26,Male,Italia,Master's Degree,Other Italian university,"Historical, Philosophical, Educational and Psychological Sciences","Credo che l'intelligenza artificiale debba essere solo un'integrazione, una semplificazione, del processo educativo e istruttivo, soprattutto in ambito accademico",0,,0,0,,0,
2024-07-01 11:13:11,2024-07-01 11:31:53,IP Address,100,1121,True,2024-07-01 11:31:53,R_8oLuuuTpun7JFfz,anonymous,IT,1,100,74,100,2,5,6,1,3,4,7,,8,45,4,2,1,6,3,5,7,9,8,10,,11,36,100,49,0,0,100,"Risolvere errori nella programmazione ",99,89,11,3,0,7,> 10,73,59,55,50,50,50,50,100,75,29.85/30,11,30,40,70,30,30,90,50,Personalizing learning experience,"Accessing resources anytime, anywhere",,Saving time,Maintaining anonymity,,,,,,,,Accuracy and reliability,"Bias, unfairness, and insensitivity",Limited contextual understanding,,,,,,Risk of inadequate or incomplete learning outcomes,Over-reliance on technology,,,,23-26,Male,"Italia ",Master's Degree,Other Italian university,Mathematical and Computer Science,"Il rapporto umano è indispensabile: l'IA deve essere utilizzata come un supporto, non come un sostituto. I contenuti generati da un'IA devono essere supervisionati da un professore che ne possa confermare la veridicità, soprattutto nell'insegnamento agli studenti. L'IA è uno strumento potente e ignorarne il potenziale sarebbe controproducente.",0,,0,0,,0,
2024-07-01 11:30:38,2024-07-01 11:38:33,IP Address,100,475,True,2024-07-01 11:38:34,R_2DDCN4VOXUbuWhb,anonymous,IT,1,57,43,73,1,2,4,5,6,3,7,,0,0,1,2,3,4,6,5,9,8,7,10,,0,38,20,0,5,,,,82,0,34,1,2,0,2,54,51,64,68,63,5,24,61,51,24,19,29,50,50,50,50,17,57,,"Accessing resources anytime, anywhere",,Saving time,Maintaining anonymity,Receiving instant feedback,,,,Saving money,,,Accuracy and reliability,,,,,Lack of human interaction and socialization,Lack of motivation,Reduction of university education value,,,,,,18-22,Male,Roma,Bachelor's Degree,Other Italian university,Communication Sciences,"A mio modo di vedere, l’IA può essere un’aiuto valido, ma non deve assolutamente sostiuire l’apprendimento tradizionale, frequentare e avere rapporti umani è più importante di un voto all’università ",0,,0,0,,0,
2024-07-01 11:31:55,2024-07-01 11:39:35,IP Address,100,460,True,2024-07-01 11:39:36,R_2qpAdhSILQkWbA2,anonymous,EN,1,100,100,100,1,2,3,4,6,5,7,,15,0,1,2,3,6,4,7,8,5,9,10,,80,50,100,0,100,10,0,,100,75,0,25,0,0,> 10,42,41,65,65,79,25,82,100,50,28/30,11,0,75,20,0,0,50,50,,"Accessing resources anytime, anywhere",,Saving time,,Receiving instant feedback,,Assisting with research,Improving digital skills,,,,,"Bias, unfairness, and insensitivity",Limited contextual understanding,,"Ethical considerations (transparency, accountability, misuse)",,Lack of motivation,Reduction of university education value,,Over-reliance on technology,,,,23-26,Female,"Italy ",Master's Degree,LUISS university,Economic and Statistical Sciences,"If students learn how to use it with the brain, using it during the academic studies and mixing it with the standard in person teaching will be very powerful and increase productivity ",0,,0,0,,0,
2024-07-01 11:42:17,2024-07-01 11:51:34,IP Address,100,556,True,2024-07-01 11:51:34,R_2yAzmSssyD8LIWJ,anonymous,IT,,95,90,100,2,6,5,1,3,4,7,,40,48,2,1,3,4,5,8,6,9,7,10,,90,100,100,70,60,10,76,,50,86,40,30,0,47,> 10,70,60,37,20,80,80,11,100,52,29,10,31,70,50,19,21,15,50,Personalizing learning experience,"Accessing resources anytime, anywhere",,Saving time,Maintaining anonymity,,Enhancing understanding,Assisting with research,Improving digital skills,,,,,"Bias, unfairness, and insensitivity",Limited contextual understanding,Privacy and data security,"Ethical considerations (transparency, accountability, misuse)",Lack of human interaction and socialization,,,,Over-reliance on technology,,,,23-26,Female,Italia,Master's Degree,LUISS university,Economic and Statistical Sciences,Positivo,0,,0,0,,0,
2024-07-01 11:45:05,2024-07-01 11:54:24,IP Address,100,558,True,2024-07-01 11:54:25,R_8EEt1DnJQKtoAcJ,anonymous,IT,1,80,50,100,2,3,6,1,4,5,7,,14,0,3,1,2,9,7,8,4,5,6,10,,100,46,100,76,0,100,,,22,100,15,5,0,0,7,11,10,87,3,0,0,10,0,50,27,0,38,50,50,17,3,50,61,Personalizing learning experience,"Accessing resources anytime, anywhere",Managing time better,,Maintaining anonymity,,,Assisting with research,,,,,Accuracy and reliability,"Bias, unfairness, and insensitivity",,,,Lack of human interaction and socialization,Lack of motivation,Reduction of university education value,,Over-reliance on technology,,,,23-26,Female,Italia,Master's Degree,LUISS university,Economic and Statistical Sciences,.,0,,0,0,,0,
2024-07-01 12:11:09,2024-07-01 12:24:59,IP Address,100,829,True,2024-07-01 12:25:00,R_8dRSabFVO3sLaHJ,anonymous,IT,1,70,80,70,5,2,6,1,3,4,7,,0,0,2,3,4,7,8,6,9,1,5,10,,,50,0,0,0,0,0,,100,100,20,0,0,60,4,0,20,20,0,0,0,0,30,50,28,0,0,30,40,0,0,70,70,Personalizing learning experience,,,,,,,Assisting with research,,,,,Accuracy and reliability,"Bias, unfairness, and insensitivity",,,,Lack of human interaction and socialization,,,Risk of inadequate or incomplete learning outcomes,Over-reliance on technology,,,,27-30,Male,Italia,Master's Degree,Other Italian university,Industrial and Information Engineering,Penso che possa essere un'ottimo strumento che però non potrà mai sostituire completamente l'uomo. Penso che l'istruzione con IA generativa possa diventare un supporto migliore ma porterebbe inevitabilmente a non dover più cercare una risposta da varie fonti riducendo la capacità di analisi.,0,,0,0,,0,
2024-07-01 12:22:53,2024-07-01 12:37:21,IP Address,100,867,True,2024-07-01 12:37:23,R_8qERf7q6QIPKBzn,anonymous,IT,,70,90,100,2,3,5,1,4,6,7,,0,0,2,1,6,9,5,4,7,3,8,10,,60,100,100,70,50,20,,,60,60,30,70,0,70,8,90,80,90,70,100,100,80,100,70,30,0,0,0,50,0,50,0,0,Personalizing learning experience,"Accessing resources anytime, anywhere",,Saving time,,Receiving instant feedback,,Assisting with research,,Saving money,,,Accuracy and reliability,,,Privacy and data security,,,,,Risk of inadequate or incomplete learning outcomes,,Technical issues,,,18-22,Male,Italia,Master's Degree,Other Italian university,Economic and Statistical Sciences,"Credo che la qualità delle informazioni possa diventare migliore e più completa, tuttavia è sempre necessaria la presenza di un professore, la cui figura è imprescindibile.",0,,0,0,,0,
2024-07-01 12:22:20,2024-07-01 12:38:59,IP Address,100,998,True,2024-07-01 12:38:59,R_2fuWqYI33co9bmp,anonymous,IT,1,60,80,90,3,2,5,1,4,6,7,,0,10,1,2,5,9,4,7,3,6,8,10,,35,59,75,1,50,5,,,50,60,85,55,1,1,4,100,100,100,100,50,100,100,90,90,30,50,53,35,70,10,15,65,46,,"Accessing resources anytime, anywhere",Managing time better,Saving time,,,Enhancing understanding,Assisting with research,,,,,,,Limited contextual understanding,,,Lack of human interaction and socialization,Lack of motivation,Reduction of university education value,,Over-reliance on technology,,,,23-26,Female,Italia,Master's Degree,Other Italian university,Economic and Statistical Sciences,"Sicuramente è un grande passo in avanti per la società, aiuta molto nella circolazione di informazioni e nell’apprendimento, ma bisogna fare attenzione a non diventarne dipendenti.",0,,0,0,,0,
2024-07-01 12:55:56,2024-07-01 13:04:33,IP Address,100,516,True,2024-07-01 13:04:33,R_8jRzRsnXehp8vIZ,anonymous,IT,,70,90,100,2,3,1,6,5,4,7,,0,10,4,3,6,7,1,8,2,9,5,10,,75,77,55,15,100,75,,,84,100,18,51,0,32,> 10,6,10,81,80,10,14,86,98,94,28/30,23,24,100,100,10,11,100,86,,"Accessing resources anytime, anywhere",,,,,Enhancing understanding,Assisting with research,Improving digital skills,,,,Accuracy and reliability,,,Privacy and data security,,Lack of human interaction and socialization,Lack of motivation,Reduction of university education value,Risk of inadequate or incomplete learning outcomes,Over-reliance on technology,,,,23-26,Female,Italia,Master's Degree,University abroad (not in Italy),Economic and Statistical Sciences,"Andrebbe integrata in modo che gli studenti imparino subito come usarla. Ma allo stesso tempo devo sviluppare una conoscenza indipendentemente dall'utilizzo della tecnologia ",0,,0,0,,0,
2024-07-01 13:37:12,2024-07-01 13:50:01,IP Address,100,769,True,2024-07-01 13:50:02,R_2lKPWCVIzG9cAlX,anonymous,IT,1,80,71,60,2,5,4,1,3,6,7,,12,20,2,4,3,1,5,9,8,7,6,10,,12,30,11,5,47,9,,,100,94,3,0,0,100,6,0,0,50,0,0,0,0,30,70,29/30,0,15,74,17,15,13,81,16,,"Accessing resources anytime, anywhere",,,,Receiving instant feedback,,,,,,,Accuracy and reliability,"Bias, unfairness, and insensitivity",Limited contextual understanding,,,Lack of human interaction and socialization,,Reduction of university education value,Risk of inadequate or incomplete learning outcomes,Over-reliance on technology,,,,23-26,Female,"Italia ",Master's Degree,Other Italian university,Political and Social Sciences,"L’IA sarà sicuramente parte dell’istruzione del futuro, ma solo quando anche i professori “tradizionali” ne comprenderanno la portata dato che spesso l’utilizzo delle tecnologie viene associato solo al copiare. Dall’altra parte credo che non bisognerà abbandonare i metodi di insegnamento classico, perché il contatto umano e le conoscenze che una persona può trasmetterti sono la base per approcciarsi a nuove passioni. Un tipo di insegnamento non dovrebbe escluderne un altro, e si dovrebbe arrivare ad un punto di coesistenza. ",0,,0,0,,0,
2024-07-01 13:42:16,2024-07-01 13:55:44,IP Address,100,808,True,2024-07-01 13:55:45,R_2pgTWkDGydVnnvp,anonymous,IT,1,100,100,100,2,3,4,1,5,6,7,,0,0,5,4,1,6,3,7,2,8,9,10,,55,77,17,40,20,24,14,,50,85,6,14,10,23,5,53,68,51,60,70,70,80,85,80,29/30,60,70,40,80,70,70,50,40,Personalizing learning experience,"Accessing resources anytime, anywhere",Managing time better,,Maintaining anonymity,,,Assisting with research,,,,,Accuracy and reliability,,Limited contextual understanding,,,,Lack of motivation,,Risk of inadequate or incomplete learning outcomes,Over-reliance on technology,,,,23-26,Female,Italia,Master's Degree,Other Italian university,Political and Social Sciences,"Credo che possa portare dinamicità e innovazione, porterà ad avere un’istruzione completa  ",0,,0,0,,0,
2024-07-01 14:27:17,2024-07-01 14:37:29,IP Address,100,611,True,2024-07-01 14:37:30,R_2lEN5Hw43xyCLu1,anonymous,IT,1,65,100,100,2,4,5,1,3,6,7,,0,0,1,2,5,3,6,7,8,4,9,10,,0,0,0,0,0,0,0,,26,13,0,0,0,64,5,0,0,0,0,18,0,0,49,50,28.7/30,0,0,62,32,19,0,70,50,,"Accessing resources anytime, anywhere",,Saving time,,,,,Improving digital skills,,,,Accuracy and reliability,,Limited contextual understanding,,,Lack of human interaction and socialization,Lack of motivation,Reduction of university education value,Risk of inadequate or incomplete learning outcomes,Over-reliance on technology,,,,23-26,Male,Italia,Master's Degree,Other Italian university,Industrial and Information Engineering,"Spero che docenti e genitori siano in grado di gestire le interazioni degli studenti con queste tecnologie, ma credo che prenderanno il sopravvento e spesso verranno utilizzate nel modo sbagliato (come per fare i compiti/esami/esercitazioni al posto loro)",0,,0,0,,0,
2024-07-01 14:40:18,2024-07-01 14:46:35,IP Address,100,377,True,2024-07-01 14:46:36,R_8hsYgY8EnKQ6f08,anonymous,IT,1,100,100,100,2,3,5,1,4,6,7,,0,0,1,2,3,8,9,6,7,5,4,10,,71,22,100,0,18,66,,,39,15,1,29,2,25,5,100,35,23,21,100,18,30,77,56,29,7,0,13,29,0,0,61,33,,"Accessing resources anytime, anywhere",Managing time better,Saving time,Maintaining anonymity,,Enhancing understanding,Assisting with research,,,,,Accuracy and reliability,"Bias, unfairness, and insensitivity",Limited contextual understanding,,,Lack of human interaction and socialization,Lack of motivation,,,,,,,23-26,Female,italia,Master's Degree,LUISS university,Mathematical and Computer Science,"È un grande strumento per lo sviluppo ed il miglioramento dei metodi di studio personali, ma non credo che possa mai sostituire il ruolo di un insegnante umano",0,,0,0,,0,
2024-07-01 14:53:01,2024-07-01 15:01:00,IP Address,100,478,True,2024-07-01 15:01:00,R_8i3Sqd8F2fw1shG,anonymous,IT,1,86,75,75,2,3,4,1,5,6,7,,0,50,1,4,3,5,9,6,2,8,7,10,,37,71,81,81,100,49,4,,74,75,38,80,23,100,3,9,54,64,67,23,56,56,78,91,28,20,29,86,60,23,26,64,50,,,,Saving time,Maintaining anonymity,,,Assisting with research,Improving digital skills,Saving money,,,Accuracy and reliability,"Bias, unfairness, and insensitivity",Limited contextual understanding,Privacy and data security,"Ethical considerations (transparency, accountability, misuse)",,,,,,,,,23-26,Female,Milano,Master's Degree,Other Italian university,Economic and Statistical Sciences,"La cooperazione e l’integrazione dello strumento nella vita umana, e non la totale sostituzione dell’IA all’uomo, può portare a benefici sostanziali (risorse gratis, assistenza, consigli, feedback, correzioni). il tutto con efficienza e ottimizzazione dei tempi. ",1,QID29,0,0,,0,
2024-07-01 17:00:03,2024-07-01 18:40:54,IP Address,100,6050,True,2024-07-01 18:40:55,R_2Pb8feOAXGGs6Fn,anonymous,EN,1,0,85,90,1,2,3,4,5,7,6,,95,0,1,2,6,9,8,5,7,4,3,10,,15,25,,35,,,,,100,0,0,0,0,50,2,63,55,0,0,95,55,35,75,60,27.84/30,10,0,75,0,28,73,100,20,,,,,Maintaining anonymity,Receiving instant feedback,,,,,,,Accuracy and reliability,,Limited contextual understanding,,,,,,Risk of inadequate or incomplete learning outcomes,Over-reliance on technology,,,,23-26,Male,Italy,Master's Degree,LUISS university,Mathematical and Computer Science,". ",0,,0,0,,0,
2024-07-01 18:46:58,2024-07-01 18:59:42,IP Address,100,764,True,2024-07-01 18:59:42,R_8fJ9RfBkVKGfcfc,anonymous,IT,1,55,100,97,2,3,5,1,4,7,6,,20,8,3,1,5,6,2,8,9,4,7,10,,48,100,69,63,4,79,0,,82,100,6,0,0,46,8,40,73,100,85,88,10,7,86,54,28.69,38,10,100,6,10,3,0,7,Personalizing learning experience,"Accessing resources anytime, anywhere",,,,,Enhancing understanding,Assisting with research,,,,,Accuracy and reliability,,,Privacy and data security,,Lack of human interaction and socialization,,,,,,,,27-30,Male,Italia,Master's Degree,Other Italian university,Political and Social Sciences,"Penso che l'integrazione delle tecnologie sia necessario ma non può e non deve sostituire la lezione frontale classica, deve essere a supporto dei docenti e non sostituirli sia per quanto riguarda le lezioni, sia per le valutazioni.",0,,0,0,,0,
2024-07-01 21:08:03,2024-07-01 21:15:38,IP Address,100,454,True,2024-07-01 21:15:38,R_2MswobeppIr8VJn,anonymous,IT,1,55,72,77,1,2,3,5,4,6,7,,43,32,1,2,6,9,5,8,7,3,4,10,,64,42,3,11,44,5,,,47,41,16,5,0,75,5,68,15,41,23,44,24,24,75,59,29/30,51,46,53,60,38,36,42,35,Personalizing learning experience,"Accessing resources anytime, anywhere",,Saving time,,Receiving instant feedback,,,,,,,Accuracy and reliability,,Limited contextual understanding,,,,,,Risk of inadequate or incomplete learning outcomes,Over-reliance on technology,,,,23-26,Female,Italia,Master's Degree,Other Italian university,Economic and Statistical Sciences,"Penso che nella giusta misura l'AI possa essere uno strumento d'aiuto per l'istruzione. Ma deve essere usato come strumento complementare al contatto umano con i professori, non penso possa mai sostituire al 100% l'insegnamento tradizionale",0,,0,0,,0,
2024-07-01 21:55:17,2024-07-01 22:09:38,IP Address,100,861,True,2024-07-01 22:09:38,R_2exyTC3YLmDP50L,anonymous,IT,1,62,93,91,2,4,5,3,1,6,7,,0,0,2,1,5,8,6,3,7,4,9,10,,12,27,23,0,0,0,0,,86,49,11,10,0,4,3,0,0,13,28,0,14,8,80,50,29,7,0,100,72,0,0,74,48,,"Accessing resources anytime, anywhere",Managing time better,Saving time,,,,,,Saving money,,,Accuracy and reliability,,Limited contextual understanding,,,Lack of human interaction and socialization,,Reduction of university education value,Risk of inadequate or incomplete learning outcomes,Over-reliance on technology,,,,23-26,Female,Italia,Master's Degree,Other Italian university,Chemical Science,-,0,,0,0,,0,
2024-07-01 22:48:02,2024-07-01 23:01:29,IP Address,100,807,True,2024-07-01 23:01:30,R_8qsiymstYTVNrsu,anonymous,IT,1,50,60,75,2,3,4,1,5,6,7,,100,50,1,2,3,4,5,9,8,7,6,10,,50,50,50,50,0,0,0,,50,50,0,0,0,70,5,60,60,50,50,100,50,30,50,50,25/30,30,50,50,50,50,50,50,50,,"Accessing resources anytime, anywhere",Managing time better,Saving time,,,,,Improving digital skills,,,,,,,Privacy and data security,"Ethical considerations (transparency, accountability, misuse)",,Lack of motivation,,Risk of inadequate or incomplete learning outcomes,,Technical issues,,,23-26,Female,Italia,Bachelor's Degree,Other Italian university,Legal Sciences,Penso che sia un percorso quasi naturale ormai.,0,,0,0,,0,
2024-07-01 23:21:04,2024-07-01 23:35:32,IP Address,100,868,True,2024-07-01 23:35:33,R_2C4jh9wu5al8M0p,anonymous,IT,0.699999988079071,50,70,60,2,4,5,3,1,6,7,,31,32,2,1,3,6,8,9,7,4,5,10,,0,20,0,0,0,0,0,,20,0,0,0,0,64,6,46,22,20,20,0,21,52,50,50,"Non ho media, sto seguendo un master",30,49,50,33,50,31,50,69,Personalizing learning experience,"Accessing resources anytime, anywhere",,,,Receiving instant feedback,,,,,,,,,,Privacy and data security,,Lack of human interaction and socialization,Lack of motivation,,,,,,,23-26,Female,"Italia ",MBA,Other Italian university,Legal Sciences,"Potrebbe aiutare a creare un'istruzione più individualizzata, soprattutto nei confronti di studenti con bes e dsa. Purtroppo non so ancora farmi un'idea completa poiché l'ho usata molto poco nel mio percorso di studi.",0,,0,0,,0,
2024-06-26 10:50:27,2024-06-26 10:50:40,IP Address,3,12,False,2024-07-03 10:50:46,R_2tbHJwHNUv4vDoZ,qr,EN,1,,,,,,,,,,,,,,,,,,,,,,,,,,,,,,,,,,,,,,,,,,,,,,,,,,,,,,,,,,,,,,,,,,,,,,,,,,,,,,,,,,,,,,,,,,0,,0,0,,0,
2024-07-01 22:28:44,2024-07-03 11:05:39,IP Address,100,131815,True,2024-07-03 11:05:40,R_8uBuSxsEjlfGhv0,anonymous,IT,1,70,70,100,5,2,1,3,4,6,7,,7,0,1,3,2,4,5,6,9,8,7,10,,23,28,5,6,36,,,,100,60,31,29,1,100,3,51,38,10,56,56,42,56,60,50,25,0,0,3,2,3,3,2,60,Personalizing learning experience,,,,,,,,,,,,,,,Privacy and data security,,Lack of human interaction and socialization,,,,,,,,18-22,Male,Italia,Bachelor's Degree,Other Italian university,Physical Science,"eliminano le restrizioni di tempo e spazio, consentendo agli studenti di studiare in qualsiasi momento e da qualsiasi luogo. ",0,,0,0,,0,
2024-07-03 12:40:42,2024-07-03 12:56:53,IP Address,100,970,True,2024-07-03 12:56:53,R_2HhcMKbKnEcFIzL,anonymous,EN,1,90,60,70,3,4,1,2,5,6,7,critical thinking,40,20,1,6,8,4,3,2,9,5,7,10,,,40,,10,60,,,,80,95,0,0,0,100,4,0,10,25,45,80,0,20,55,50,26.7/30,50,50,55,20,30,45,65,20,,"Accessing resources anytime, anywhere",,Saving time,,,,Assisting with research,Improving digital skills,,,,Accuracy and reliability,"Bias, unfairness, and insensitivity",Limited contextual understanding,Privacy and data security,,,,Reduction of university education value,Risk of inadequate or incomplete learning outcomes,Over-reliance on technology,Technical issues,,,27-30,Female,Vietnam,Bachelor's Degree,Other Italian university,Legal Sciences,"Let's say it will be fascinating with the positive pov, Generative AI technologies could bring more equal chances to education environment, fairness in consultant for academic final results, convenience to access every time and every where. But, instead of these thrilled advantages, as a Forensic Science student, I aware about the credibility in the knowledge or information which be given by Generative AI (e.s hallucination), dynamic and also ethical issues, blackbox Ai (hidden layers),... ",1,QID29,0,0,,0,
2024-07-03 21:44:42,2024-07-03 21:52:18,IP Address,100,456,True,2024-07-03 21:52:18,R_2YCI1uk0kWl4RUZ,anonymous,IT,0.8999999761581421,71,100,100,2,3,5,1,4,6,7,,0,0,3,5,1,6,8,4,7,9,2,10,,90,83,95,93,,62,,,81,45,94,29,0,34,> 10,18,15,83,62,28,13,39,91,79,25,4,11,93,85,3,13,9,78,,"Accessing resources anytime, anywhere",Managing time better,,Maintaining anonymity,Receiving instant feedback,,,,Saving money,,,Accuracy and reliability,,,Privacy and data security,,Lack of human interaction and socialization,Lack of motivation,Reduction of university education value,,,,,,18-22,Female,italia,Bachelor's Degree,Other Italian university,Economic and Statistical Sciences,"confido molto nell’IA, ha un grande potenziale, ma non bisogna perdere l’importanza del contatto umano e sociale",0,,0,0,,0,
2024-07-03 21:46:04,2024-07-03 21:54:10,IP Address,100,486,True,2024-07-03 21:54:10,R_25utlzlZK1eOeZC,anonymous,IT,0.8999999761581421,75,100,100,2,3,4,1,5,6,7,,0,0,4,1,3,6,8,7,9,2,5,10,,,,,,,,,,59,41,2,28,1,85,6,82,65,58,27,85,98,5,4,20,28,0,0,0,0,0,0,0,83,,"Accessing resources anytime, anywhere",,Saving time,,Receiving instant feedback,Enhancing understanding,Assisting with research,,Saving money,,,Accuracy and reliability,,Limited contextual understanding,,,Lack of human interaction and socialization,Lack of motivation,Reduction of university education value,Risk of inadequate or incomplete learning outcomes,Over-reliance on technology,Technical issues,,,18-22,Female,Roma,High school,Other Italian university,"Civil Engineering, Architecture and Design","Lavorando in un campo molto tecnologico potrebbe aiutare ma sono dell’idea che l’uomo fa la sua parte e che non basterebbe l’intelligenza artificiale ",0,,0,0,,0.038461538461538464,QID15
2024-07-03 21:45:10,2024-07-03 21:59:02,IP Address,100,832,True,2024-07-03 21:59:03,R_2M0TDuEVXJ0zLq1,anonymous,IT,1,60,90,90,3,1,6,4,5,2,7,,10,0,2,6,1,9,3,4,8,7,5,10,,3,8,4,4,4,1,1,,3,3,2,3,5,65,0,3,3,2,2,3,2,3,50,51,24,4,29,100,50,26,32,22,63,,"Accessing resources anytime, anywhere",,Saving time,Maintaining anonymity,,,,,,,,Accuracy and reliability,,,,,Lack of human interaction and socialization,Lack of motivation,,,,,,,18-22,Male,Italia,Bachelor's Degree,Other Italian university,"Historical, Philosophical, Educational and Psychological Sciences",Se gestite bene e utilizzate con cura possono essere degli strumenti molto rapidi ed efficaci per l'apprendimento.,0,,0,0,,0,
2024-07-03 21:45:03,2024-07-03 21:59:26,IP Address,100,862,True,2024-07-03 21:59:26,R_2MSu2bDA0m5hRRe,anonymous,IT,1,70,65,75,4,3,6,2,5,1,7,,42,35,3,1,2,5,9,8,4,7,6,10,,5,85,31,48,2,19,,,81,85,0,0,0,44,3,50,50,65,35,42,43,51,61,64,"23,2/30",16,35,75,60,30,28,50,57,Personalizing learning experience,"Accessing resources anytime, anywhere",,Saving time,Maintaining anonymity,Receiving instant feedback,,Assisting with research,,Saving money,,,Accuracy and reliability,,Limited contextual understanding,Privacy and data security,,Lack of human interaction and socialization,Lack of motivation,Reduction of university education value,Risk of inadequate or incomplete learning outcomes,Over-reliance on technology,Technical issues,,,18-22,Female,Italia,Bachelor's Degree,Other Italian university,Economic and Statistical Sciences,"Penso che l’intelligenza artificiale non possa sostituire completamente l’istruzione tradizionale, ma il rischio c’è. È qualcosa che non siamo in grado di gestire e limitare. L’insegnamento tradizionale, per quanto sia da migliorare e sicuramente da integrare, magari con l’uso di intelligenza artificiale, è essenziale per creare rapporti sociali e reali.",0,,0,0,,0,
2024-07-03 21:45:31,2024-07-03 22:00:20,IP Address,100,889,True,2024-07-03 22:00:21,R_8bvJOeDOhPPHiLL,anonymous,IT,1,85,65,67,1,5,2,3,6,4,7,,0,0,5,1,2,4,3,8,9,7,6,10,,21,81,83,0,80,0,0,,84,70,28,0,0,20,3,0,0,51,49,57,44,30,83,57,29/30,0,77,72,10,10,10,90,12,,"Accessing resources anytime, anywhere",,Saving time,,,,Assisting with research,,,,,Accuracy and reliability,"Bias, unfairness, and insensitivity",Limited contextual understanding,,,Lack of human interaction and socialization,,Reduction of university education value,Risk of inadequate or incomplete learning outcomes,Over-reliance on technology,,,,23-26,Female,"Italia ",Master's Degree,Other Italian university,"Historical, Philosophical, Educational and Psychological Sciences",Potrebbe essere utile se integrata in maniera corretta e ponderata all'istruzione da parte di professori,0,,0,0,,0,
2024-07-03 21:53:15,2024-07-03 22:03:01,IP Address,100,585,True,2024-07-03 22:03:01,R_2r1FIIEWuFqLOSO,anonymous,IT,1,80,50,75,2,3,4,6,5,1,7,,0,0,3,4,1,6,2,7,5,8,9,10,,45,50,0,0,100,60,,,100,100,0,0,0,50,0,0,0,0,0,5,0,0,70,50,23,0,0,50,50,16,22,26,23,Personalizing learning experience,"Accessing resources anytime, anywhere",,,Maintaining anonymity,,,,,,,,,,,Privacy and data security,,,,,,Over-reliance on technology,,,,23-26,Female,"Milano ",Bachelor's Degree,Other Italian university,Communication Sciences,.,0,,0,0,,0,
2024-07-03 21:44:53,2024-07-03 22:04:51,IP Address,100,1197,True,2024-07-03 22:04:51,R_8v5uNebSIqRtZeh,anonymous,IT,0.8999999761581421,45,90,70,3,2,4,5,6,1,7,,50,35,3,1,5,7,6,9,8,4,2,10,,0,96,50,,89,,,,60,60,40,10,1,50,2,71,55,63,60,50,69,50,80,78,24,26,50,100,78,13,12,50,50,Personalizing learning experience,"Accessing resources anytime, anywhere",,,Maintaining anonymity,,,Assisting with research,,,,,,,,,,Lack of human interaction and socialization,Lack of motivation,,,Over-reliance on technology,,,,18-22,Female,"Italia ",Bachelor's Degree,Other Italian university,"Historical, Philosophical, Educational and Psychological Sciences","Potrebbe essere un buon metodo di apprendimento se utilizzata nel modo corretto, in aggiunta e non in sostituzione del metodo tradizionale di insegnamento. ",0,,0,0,,0,
2024-07-03 23:49:27,2024-07-04 00:11:14,IP Address,100,1306,True,2024-07-04 00:11:15,R_2vZfRtT6BM4I0Ah,anonymous,IT,1,80,100,100,6,2,3,1,4,5,7,,0,20,1,9,3,7,4,6,8,2,5,10,,30,50,50,50,30,20,,,50,70,0,0,0,50,2,50,50,70,50,65,50,60,80,55,24,10,20,30,30,30,0,60,50,Personalizing learning experience,"Accessing resources anytime, anywhere",,Saving time,,Receiving instant feedback,Enhancing understanding,Assisting with research,Improving digital skills,,,,Accuracy and reliability,"Bias, unfairness, and insensitivity",Limited contextual understanding,,,Lack of human interaction and socialization,Lack of motivation,Reduction of university education value,Risk of inadequate or incomplete learning outcomes,,Technical issues,,,18-22,Male,Italia,Bachelor's Degree,Other Italian university,Industrial and Information Engineering,"Penso che possa essere un vantaggio sotto certi aspetti ma che queste tecnologie debbano essere implementate come supporto all’insegnamento e non come sostituto.
Penso inoltre che l’utilizzo delle stesse debba essere reso sempre più efficiente e modificato a seconda della tipologia di studio, che può essere umanistica, scientifica, etc….",0,,0,0,,0,
2024-07-04 00:23:23,2024-07-04 00:34:03,IP Address,100,640,True,2024-07-04 00:34:04,R_2tKUKnbCgHOgziA,anonymous,IT,1,50,100,100,2,6,3,1,4,5,7,,50,30,3,1,5,2,6,9,8,7,4,10,,45,30,40,40,0,0,0,,100,50,10,10,0,0,0,60,0,55,50,44,0,0,64,50,28,25,40,100,100,0,0,0,0,Personalizing learning experience,"Accessing resources anytime, anywhere",,,,,Enhancing understanding,Assisting with research,Improving digital skills,,,,Accuracy and reliability,"Bias, unfairness, and insensitivity",Limited contextual understanding,,,Lack of human interaction and socialization,Lack of motivation,Reduction of university education value,Risk of inadequate or incomplete learning outcomes,,,,,18-22,Female,"Italia ",Bachelor's Degree,Other Italian university,"Historical, Philosophical, Educational and Psychological Sciences","Sappiamo ancora troppo poco per poterla
utilizzare in modo efficiente ed efficace ",0,,0,0,,0,
2024-07-04 00:34:26,2024-07-04 00:41:02,IP Address,100,395,True,2024-07-04 00:41:02,R_2s5gYr5ljy1wm8V,anonymous,IT,1,27,91,92,1,5,3,2,4,6,7,,0,0,7,9,1,4,2,6,3,8,5,10,,,89,81,44,0,,,,40,20,10,75,3,100,0,20,17,13,15,75,23,28,72,70,26,22,0,50,37,9,8,13,37,Personalizing learning experience,"Accessing resources anytime, anywhere",Managing time better,,,,,,,,,,,,Limited contextual understanding,,,Lack of human interaction and socialization,,,,,,,,18-22,Female,"Italia ",High school,Other Italian university,Legal Sciences,"
.",0,,0,0,,0,
2024-07-04 08:47:58,2024-07-04 08:53:39,IP Address,100,341,True,2024-07-04 08:53:39,R_2esMu4cQtzZ6m0O,anonymous,IT,1,56,85,85,1,3,4,2,5,6,7,,0,5,2,4,1,7,8,6,3,5,9,10,,38,71,37,53,36,14,,,56,39,44,54,52,90,3,45,80,26,43,46,53,38,75,29,30,46,75,28,72,33,77,84,73,Personalizing learning experience,,,Saving time,,,,Assisting with research,,Saving money,,,,,Limited contextual understanding,,"Ethical considerations (transparency, accountability, misuse)",,,,Risk of inadequate or incomplete learning outcomes,,Technical issues,,,18-22,Female,Italia,Bachelor's Degree,Other Italian university,Chemical Science,Sono a favore,0,,0,0,,0,
2024-07-04 12:08:29,2024-07-04 12:17:56,IP Address,100,567,True,2024-07-04 12:17:56,R_2WJV7PbJs8qiPdf,anonymous,IT,1,90,73,77,1,2,5,3,4,6,7,,0,39,1,2,4,5,6,9,7,8,3,10,,74,78,82,21,46,6,,,94,94,17,6,4,44,2,50,50,67,67,67,28,71,81,78,28.8/30,32,17,67,22,17,11,65,25,,"Accessing resources anytime, anywhere",,,Maintaining anonymity,Receiving instant feedback,,Assisting with research,,,,,Accuracy and reliability,,Limited contextual understanding,,,Lack of human interaction and socialization,,Reduction of university education value,,Over-reliance on technology,,,,23-26,Female,"Italia, Roma",Master's Degree,LUISS university,Economic and Statistical Sciences,"Penso che sia utile utilizzare l’IA come strumento, ma mai sostituire l’uomo con essa",0,,0,0,,0,
2024-07-04 12:30:29,2024-07-04 12:37:49,IP Address,100,440,True,2024-07-04 12:37:50,R_2xJBDyKBoZpSIHw,anonymous,IT,1,89,100,100,2,3,6,1,4,5,7,,57,21,3,1,4,5,7,9,2,8,6,10,,60,63,81,57,100,38,49,,24,6,66,100,0,0,4,81,63,100,100,100,67,66,80,64,29,25,0,100,100,0,40,100,50,,"Accessing resources anytime, anywhere",,Saving time,Maintaining anonymity,Receiving instant feedback,Enhancing understanding,Assisting with research,Improving digital skills,Saving money,,,,,Limited contextual understanding,,,Lack of human interaction and socialization,Lack of motivation,,Risk of inadequate or incomplete learning outcomes,,,,,18-22,Female,Italia,Bachelor's Degree,Other Italian university,"Historical, Philosophical, Educational and Psychological Sciences","puó portare molto vantaggi, ma deve esserci sempre un insegnate umano",0,,0,0,,0,
2024-07-04 12:38:25,2024-07-04 12:43:57,IP Address,100,331,True,2024-07-04 12:43:57,R_2ixnIksaoDJLBQR,anonymous,IT,1,100,57,65,1,2,4,5,3,6,7,,46,14,1,8,3,9,4,5,7,6,2,10,,61,74,60,50,53,4,9,,40,52,27,59,45,67,3,55,48,47,48,46,45,44,72,66,27,42,2,22,56,26,24,22,18,Personalizing learning experience,"Accessing resources anytime, anywhere",,,,,,,,Saving money,,,,,,Privacy and data security,,Lack of human interaction and socialization,,Reduction of university education value,,,,,,23-26,Female,Roma,Master's Degree,Other Italian university,Economic and Statistical Sciences,"che deve rimanere un’integrazione e non una sostituzione ",0,,0,0,,0,
2024-07-04 13:21:33,2024-07-04 13:29:23,IP Address,100,470,True,2024-07-04 13:29:24,R_8OImZkkjvGlIvQn,anonymous,IT,1,70,87,81,1,2,3,5,6,4,7,,48,36,1,2,3,4,6,5,7,8,9,10,,86,15,12,11,88,65,,,56,39,53,50,56,90,> 10,71,62,63,56,61,81,75,74,77,26,63,37,61,67,65,68,75,74,Personalizing learning experience,,Managing time better,Saving time,,Receiving instant feedback,Enhancing understanding,,,Saving money,,,,,,Privacy and data security,"Ethical considerations (transparency, accountability, misuse)",,Lack of motivation,,,,Technical issues,,,23-26,Female,Italia,Master's Degree,Other Italian university,Economic and Statistical Sciences,"positiva a riguardo ",0,,0,0,,0,
2024-07-04 16:48:22,2024-07-04 16:58:22,IP Address,100,599,True,2024-07-04 16:58:23,R_8U0gPIPNVi3uRU7,anonymous,IT,1,100,90,100,2,3,5,1,4,6,7,,32,17,1,3,7,5,6,8,9,4,2,10,,46,100,78,38,35,44,0,,100,62,0,0,0,0,0,54,66,68,71,38,64,66,71,62,27.5/30,61,45,75,50,63,36,68,86,Personalizing learning experience,"Accessing resources anytime, anywhere",Managing time better,Saving time,Maintaining anonymity,Receiving instant feedback,,,Improving digital skills,,,,Accuracy and reliability,"Bias, unfairness, and insensitivity",Limited contextual understanding,,,,Lack of motivation,Reduction of university education value,Risk of inadequate or incomplete learning outcomes,Over-reliance on technology,Technical issues,,,23-26,Male,Italia,Master's Degree,LUISS university,Economic and Statistical Sciences,Futuro affascinante e potenzialmente positivo se correttamente integrato,0,,0,0,,0,
2024-06-28 09:20:38,2024-06-28 14:53:41,IP Address,17,19983,False,2024-07-05 14:53:42,R_27Bjvm2kMTscMCt,anonymous,EN,1,50,50,50,,,,,,,,,,,,,,,,,,,,,,,,,,,,,,,,,,,,,,,,,,,,,,,,,,,,,,,,,,,,,,,,,,,,,,,,,,,,,,,,,,,,,,,0,,0,0,,0,
2024-07-06 13:04:28,2024-07-06 13:10:42,IP Address,100,374,True,2024-07-06 13:10:43,R_87p6tZ1vVndzUpg,anonymous,IT,1,62,28,72,1,2,6,3,4,5,7,,87,21,2,1,3,4,8,7,9,5,6,10,,33,53,53,58,9,11,,,72,82,19,12,12,18,0,11,7,83,53,8,10,27,54,47,28/29,12,10,14,81,16,21,63,23,,"Accessing resources anytime, anywhere",,,Maintaining anonymity,,,,,,,,,"Bias, unfairness, and insensitivity",,,"Ethical considerations (transparency, accountability, misuse)",Lack of human interaction and socialization,Lack of motivation,Reduction of university education value,,,,,,23-26,Male,Italia,Master's Degree,Other Italian university,Political and Social Sciences,Può rendere possibile l' Accesso per tutti ma rende anonime le lezioni,0,,0,0,,0,
2024-07-06 19:35:45,2024-07-06 19:43:45,IP Address,100,479,True,2024-07-06 19:43:45,R_8mdqKSHefZkkEKd,anonymous,IT,1,29,80,100,3,1,6,4,2,5,7,,0,0,1,4,2,5,3,7,8,9,6,10,,0,0,0,0,0,0,0,,0,0,0,0,0,83,1,50,0,50,0,0,0,0,50,51,"28,5",0,50,51,99,0,0,0,100,,"Accessing resources anytime, anywhere",Managing time better,Saving time,,Receiving instant feedback,,Assisting with research,,,,,Accuracy and reliability,"Bias, unfairness, and insensitivity",Limited contextual understanding,,,,,Reduction of university education value,,Over-reliance on technology,,,,18-22,Male,Italia,Bachelor's Degree,Other Italian university,Medical Science,"Non l'ho mai usata quindi non sono molto informato ma sicuramente potrebbe integrare in maniera positiva le lezioni, sicuramente per l'accuratezza delle informazione, nel campo medico per esempio per Evidence based medicine, averla sempre a portata di mano",0,,0,0,,0,
2024-07-06 19:42:49,2024-07-06 19:56:33,IP Address,100,824,True,2024-07-06 19:56:34,R_2bPst1SIvzRDOuQ,anonymous,IT,1,80,50,60,3,1,5,6,2,4,7,,0,0,3,1,2,7,5,4,9,6,8,10,,0,70,30,0,0,0,90,Scrittura di programmi di analisi dati,90,90,40,20,0,50,5,50,25,10,20,50,10,20,50,50,28.7/30,0,0,50,0,0,0,50,0,,"Accessing resources anytime, anywhere",,Saving time,,Receiving instant feedback,,,,,,,Accuracy and reliability,,Limited contextual understanding,,,,,,Risk of inadequate or incomplete learning outcomes,Over-reliance on technology,,,,18-22,Female,Italia,Bachelor's Degree,Other Italian university,Physical Science,"L'IA non deve rimpiazzare gli insegnanti, ma può essere utilizzata come strumento integrativo. Questo soprattutto quando è necessario sfruttare concetti non strettamente collegati con il proprio percorso di studi e, di conseguenza, non si è tenuti a conoscere in modo approfondito, ma è sufficiente possedere le conoscenze strettamente necessarie a svolgere determinati compiti",0,,0,0,,0,
2024-07-06 19:42:37,2024-07-06 19:56:36,IP Address,100,838,True,2024-07-06 19:56:36,R_8Q0MwPlHDXtlza2,anonymous,IT,1,56,75,62,2,4,5,1,3,6,7,,27,33,2,3,1,5,6,4,7,8,9,10,,55,43,23,31,42,62,,,70,58,62,61,31,56,6,67,46,69,48,77,65,62,35,57,26,35,64,63,64,64,32,67,62,Personalizing learning experience,,Managing time better,Saving time,Maintaining anonymity,,,,,Saving money,,,Accuracy and reliability,"Bias, unfairness, and insensitivity",,,,,,Reduction of university education value,,Over-reliance on technology,,,,18-22,Male,"Italia ",High school,Other Italian university,Economic and Statistical Sciences,Può essere un'arma a doppio taglio,0,,0,0,,0,
2024-07-06 19:47:09,2024-07-06 19:57:55,IP Address,100,646,True,2024-07-06 19:57:56,R_2kInhTSXecWYa9y,anonymous,IT,1,29,57,67,1,2,3,4,5,6,7,,58,14,3,1,2,7,5,8,9,4,6,10,,0,8,18,,5,,,,7,5,4,5,6,18,1,6,11,50,28,3,12,8,46,44,23,18,29,66,61,28,38,62,61,,"Accessing resources anytime, anywhere",,Saving time,,,Enhancing understanding,Assisting with research,Improving digital skills,Saving money,,,,,,Privacy and data security,,Lack of human interaction and socialization,,,Risk of inadequate or incomplete learning outcomes,Over-reliance on technology,,,,18-22,Male,"Italia ",Bachelor's Degree,Other Italian university,"Civil Engineering, Architecture and Design","Penso sia importante per lo sviluppo delle attività didattiche del futuro, ma che possa avere riscontri negativi sulla privacy ",0,,0,0,,0,
2024-07-01 11:00:08,2024-07-01 11:01:57,IP Address,27,108,False,2024-07-08 11:02:02,R_2SCddDu3FMjfR34,anonymous,EN,1,76,100,100,2,4,6,1,3,5,7,,16,0,,,,,,,,,,,,,,,,,,,,,,,,,,,,,,,,,,,,,,,,,,,,,,,,,,,,,,,,,,,,,,,,,,,,,,,,,,,,,0,,0,0,,0,
2024-07-01 10:58:46,2024-07-01 11:04:00,IP Address,47,314,False,2024-07-08 11:04:01,R_8GVxoiFVGDvFsCP,anonymous,IT,1,69,76,75,2,4,3,1,5,6,7,,58,0,8,5,1,2,7,3,4,6,9,10,,16,44,24,47,0,0,,,100,100,0,46,0,100,2,,,,,,,,,,,,,,,,,,,,,,,,,,,,,,,,,,,,,,,,,,,,,,,,,,,0,,0,0,,0,
2024-06-26 10:42:37,2024-07-01 11:32:43,IP Address,3,435006,False,2024-07-08 11:32:55,R_8OfxQRrMWsQLgwh,anonymous,EN,1,,,,,,,,,,,,,,,,,,,,,,,,,,,,,,,,,,,,,,,,,,,,,,,,,,,,,,,,,,,,,,,,,,,,,,,,,,,,,,,,,,,,,,,,,,0,,0,0,,0,
2024-07-01 12:32:04,2024-07-01 12:32:35,IP Address,3,31,False,2024-07-08 12:32:41,R_3rdKWHGGMOYrrah,anonymous,EN,1,,,,,,,,,,,,,,,,,,,,,,,,,,,,,,,,,,,,,,,,,,,,,,,,,,,,,,,,,,,,,,,,,,,,,,,,,,,,,,,,,,,,,,,,,,0,,0,0,,0,
2024-07-01 12:36:28,2024-07-01 12:39:50,IP Address,50,202,False,2024-07-08 12:39:51,R_82XhrWhvxywcRpF,anonymous,EN,1,82,17,16,4,1,2,5,3,7,6,,74,0,1,2,6,3,7,5,9,8,4,10,,39,38,79,56,78,,,,78,39,4,4,2,100,1,86,73,46,86,87,80,86,,,,,,,,,,,,,,,,,,,,,,,,,,,,,,,,,,,,,,,,,,,,0,,0,0,,0,
2024-07-01 13:06:23,2024-07-01 14:01:57,IP Address,37,3334,False,2024-07-08 14:01:58,R_8SpgdKaHS2RwX4D,anonymous,EN,1,83,79,74,1,4,5,2,3,6,7,,15,32,4,2,1,7,3,6,5,9,8,10,,61,64,81,24,100,14,,,,,,,,,,,,,,,,,,,,,,,,,,,,,,,,,,,,,,,,,,,,,,,,,,,,,,,,,,,,0,,0,0,,0,
2024-07-01 14:08:28,2024-07-01 14:09:10,IP Address,17,42,False,2024-07-08 14:09:11,R_8wEUszm2gVGjncg,anonymous,IT,1,20,70,40,,,,,,,,,,,,,,,,,,,,,,,,,,,,,,,,,,,,,,,,,,,,,,,,,,,,,,,,,,,,,,,,,,,,,,,,,,,,,,,,,,,,,,,0,,0,0,,0,
2024-07-01 15:00:20,2024-07-01 15:02:19,IP Address,30,119,False,2024-07-08 15:02:22,R_22L6rfOBOcCxFjS,anonymous,IT,1,100,70,100,2,1,3,4,6,5,7,,56,45,2,3,6,1,4,8,9,7,5,10,,,,,,,,,,,,,,,,,,,,,,,,,,,,,,,,,,,,,,,,,,,,,,,,,,,,,,,,,,,,,,,,,,,0,,0,0,,0,
2024-07-01 15:35:11,2024-07-01 15:35:19,IP Address,3,8,False,2024-07-08 15:35:21,R_81mUYiMaDtkc4XT,anonymous,EN,1,,,,,,,,,,,,,,,,,,,,,,,,,,,,,,,,,,,,,,,,,,,,,,,,,,,,,,,,,,,,,,,,,,,,,,,,,,,,,,,,,,,,,,,,,,0,,0,0,,0,
2024-07-01 16:14:09,2024-07-01 16:14:14,IP Address,3,4,False,2024-07-08 16:14:19,R_2MthXzc7Jrh3kLp,anonymous,IT,1,,,,,,,,,,,,,,,,,,,,,,,,,,,,,,,,,,,,,,,,,,,,,,,,,,,,,,,,,,,,,,,,,,,,,,,,,,,,,,,,,,,,,,,,,,0,,0,0,,0,
2024-07-01 18:34:10,2024-07-01 18:34:24,IP Address,3,13,False,2024-07-08 18:34:32,R_2VxTbGKcBQNeqxH,anonymous,EN,0.20000000298023224,,,,,,,,,,,,,,,,,,,,,,,,,,,,,,,,,,,,,,,,,,,,,,,,,,,,,,,,,,,,,,,,,,,,,,,,,,,,,,,,,,,,,,,,,,0,,0,0,,0,
2024-07-01 19:00:02,2024-07-01 19:00:22,IP Address,3,20,False,2024-07-08 19:00:24,R_2AWN0WVtPn7u0SD,anonymous,IT,1,,,,,,,,,,,,,,,,,,,,,,,,,,,,,,,,,,,,,,,,,,,,,,,,,,,,,,,,,,,,,,,,,,,,,,,,,,,,,,,,,,,,,,,,,,0,,0,0,,0,
2024-07-01 19:13:10,2024-07-01 19:13:15,IP Address,3,5,False,2024-07-08 19:13:16,R_2FreXQsjQzBbUpB,anonymous,IT,1,,,,,,,,,,,,,,,,,,,,,,,,,,,,,,,,,,,,,,,,,,,,,,,,,,,,,,,,,,,,,,,,,,,,,,,,,,,,,,,,,,,,,,,,,,0,,0,0,,0,
2024-07-01 21:09:31,2024-07-01 21:12:42,IP Address,37,190,False,2024-07-08 21:12:49,R_2poKVbqm5VRjSPF,anonymous,IT,1,68,19,20,3,4,1,2,5,6,7,,19,0,1,2,3,4,5,6,8,9,7,10,,,10,4,0,5,,,,,,,,,,,,,,,,,,,,,,,,,,,,,,,,,,,,,,,,,,,,,,,,,,,,,,,,,,,,,0,,0,0,,0,
2024-07-01 22:47:19,2024-07-01 22:51:14,IP Address,3,235,False,2024-07-08 22:51:18,R_2zT6hkJq7T0CUAB,anonymous,IT,1,,,,,,,,,,,,,,,,,,,,,,,,,,,,,,,,,,,,,,,,,,,,,,,,,,,,,,,,,,,,,,,,,,,,,,,,,,,,,,,,,,,,,,,,,,0,,0,0,,0,
2024-07-02 02:34:36,2024-07-02 02:34:56,IP Address,3,19,False,2024-07-09 02:34:57,R_2A6TKk2EbQvDJRf,anonymous,EN,0.20000000298023224,,,,,,,,,,,,,,,,,,,,,,,,,,,,,,,,,,,,,,,,,,,,,,,,,,,,,,,,,,,,,,,,,,,,,,,,,,,,,,,,,,,,,,,,,,0,,0,0,,0,
2024-07-02 09:38:13,2024-07-02 09:39:37,IP Address,3,83,False,2024-07-09 09:39:40,R_2uV7USxD9mgCdC4,anonymous,IT,1,,,,,,,,,,,,,,,,,,,,,,,,,,,,,,,,,,,,,,,,,,,,,,,,,,,,,,,,,,,,,,,,,,,,,,,,,,,,,,,,,,,,,,,,,,0,,0,0,,0,
